Book Id,Title,Author,Author l-f,Additional Authors,ISBN,ISBN13,My Rating,Average Rating,Publisher,Binding,Number of Pages,Year Published,Original Publication Year,Date Read,Date Added,Bookshelves,Bookshelves with positions,Exclusive Shelf,My Review,Spoiler,Private Notes,Read Count,Owned Copies
9889561,"The Rise of Theodore Roosevelt (Theodore Roosevelt, #1)",Edmund  Morris,"Morris, Edmund",,"=""""","=""""",0,4.22,Modern Library,Kindle Edition,1162,2010,1979,,2022/12/29,to-read,to-read (#61),to-read,,,,0,0
73931159,Discourses and Selected Writings of Epictetus illustrated edition,Epictetus,"Epictetus, Epictetus",,"=""""","=""""",0,4.27,,Kindle Edition,526,2022,108,,2022/12/29,to-read,to-read (#38),to-read,,,,0,0
60654237,"How to Take Smart Notes: One Simple Technique to Boost Writing, Learning and Thinking",Sönke Ahrens,"Ahrens, Sönke",,"=""3982438802""","=""9783982438801""",0,4.08,Sönke Ahrens,Paperback,182,2022,2017,2022/12/28,2022/12/29,,,read,,,,1,0
37774445,"Wherever You Go, There You Are: Mindfulness Meditation in Everyday Life",Jon Kabat-Zinn,"Kabat-Zinn, Jon",,"=""""","=""""",0,4.13,Macmillan Audio,Audiobook,,2000,1994,,2023/01/08,currently-reading,currently-reading (#2),currently-reading,,,,1,0
3828902,Thinking In Systems: A Primer,Donella H. Meadows,"Meadows, Donella H.",Diana Wright,"=""1603580557""","=""9781603580557""",0,4.19,Chelsea Green Publishing,Paperback,218,2008,2008,2024/02/05,2023/03/03,to-read,to-read (#106),to-read,,,,1,0
4898,Blue Ocean Strategy: How to Create Uncontested Market Space and Make the Competition Irrelevant,W. Chan Kim,"Kim, W. Chan",Renée Mauborgne,"=""1591396190""","=""9781591396192""",0,4.01,Harvard Business Review Press,Hardcover,240,2005,2005,,2023/03/02,to-read,to-read (#101),to-read,,,,0,0
28245250,The Eyes of the Dragon,Stephen        King,"King, Stephen",,"=""1501141198""","=""9781501141195""",0,3.95,Scribner,Kindle Edition,386,2017,1984,,2024/01/27,to-read,to-read (#105),to-read,,,,0,0
34084,"The Waste Lands (The Dark Tower, #3)",Stephen        King,"King, Stephen",Ned Dameron,"=""0670032565""","=""9780670032563""",0,4.25,Viking Adult,Hardcover,422,2003,1991,,2024/01/27,,,read,,,,0,0
5094,"The Drawing of the Three (The Dark Tower, #2)",Stephen        King,"King, Stephen",,"=""0451210859""","=""9780451210852""",0,4.24,Signet,Paperback,463,2003,1987,,2024/01/27,,,read,,,,0,0
6356190,The Little Sisters of Eluria,Stephen        King,"King, Stephen",Michael   Whelan,"=""1880418738""","=""9781880418734""",0,4.18,"Donald M. Grant Publisher, Inc.",Hardcover,312,2008,1998,,2024/01/27,,,read,,,,0,0
5091,"The Dark Tower (The Dark Tower, #7)",Stephen        King,"King, Stephen",Michael   Whelan,"=""""","=""""",0,4.29,Pocket Books,Mass Market Paperback,1050,2006,2004,,2024/01/27,,,read,,,,0,0
5093,"Song of Susannah (The Dark Tower, #6)",Stephen        King,"King, Stephen",Darrel Anderson,"=""1416521496""","=""9781416521495""",0,4.00,Pocket Books,Mass Market Paperback,544,2006,2004,,2024/01/27,,,read,,,,0,0
4978,"Wolves of the Calla (The Dark Tower, #5)",Stephen        King,"King, Stephen",Bernie Wrightson,"=""141651693X""","=""9781416516934""",0,4.20,Pocket Books,Mass Market Paperback,960,2006,2003,,2024/01/27,,,read,,,,0,0
12341557,"The Wind Through the Keyhole (The Dark Tower, #4.5)",Stephen        King,"King, Stephen",Jae Lee,"=""""","=""""",0,4.14,Scribner,Kindle Edition,322,2012,2012,,2024/01/27,,,read,,,,0,0
5096,"Wizard and Glass (The Dark Tower, #4)",Stephen        King,"King, Stephen",Dave McKean,"=""0340829788""","=""9780340829783""",0,4.27,New English Library,Paperback,896,2003,1997,,2024/01/27,,,read,,,,0,0
43615,"The Gunslinger (The Dark Tower, #1)",Stephen        King,"King, Stephen",,"=""1501143514""","=""9781501143519""",0,3.91,Plume,Paperback,231,2003,1982,,2024/01/27,to-read,to-read (#104),to-read,,,,0,0
43419431,Dune (Dune #1),Frank Herbert,"Herbert, Frank",,"=""""","=""""",5,4.29,Ace,Kindle Edition,883,2018,1965,2023/05/21,2022/09/28,,,read,,,,1,0
40097951,The Silent Patient,Alex Michaelides,"Michaelides, Alex",,"=""1250301696""","=""9781250301697""",5,4.17,Celadon Books,Hardcover,336,2019,2019,2023/05/09,2022/09/28,,,read,A masterful manipulation of the reader’s senses…,,,1,0
40121378,Atomic Habits: An Easy & Proven Way to Build Good Habits & Break Bad Ones,James Clear,"Clear, James",,"=""""","=""""",0,4.32,Avery,Kindle Edition,319,2018,2018,2023/03/23,2022/09/28,abandoned,abandoned (#2),read,,,,1,0
35249663,Inspired: How to Create Tech Products Customers Love,Marty Cagan,"Cagan, Marty",,"=""1119387507""","=""9781119387503""",0,4.23,Wiley,Hardcover,349,2017,2008,,2023/03/02,to-read,to-read (#103),to-read,,,,0,0
22668729,Hooked: How to Build Habit-Forming Products,Nir   Eyal,"Eyal, Nir",Ryan Hoover,"=""1591847788""","=""9781591847786""",0,4.12,Portfolio,Hardcover,256,2014,2013,,2023/03/02,to-read,to-read (#102),to-read,,,,0,0
28787784,"Harry Potter: The Complete Collection (Harry Potter, #1-7)",J.K. Rowling,"Rowling, J.K.",Olly Moss,"=""""","=""""",0,4.73,Pottermore Publishing,Kindle Edition,3585,2015,2007,,2023/02/28,currently-reading,currently-reading (#1),currently-reading,,,,1,0
42109660,The 12 Week Year Field Guide: Get More Done In 12 Weeks Than Others Do In 12 Months,Brian P. Moran,"Moran, Brian P.",Michael Lennington,"=""""","=""""",0,3.89,Wiley,Kindle Edition,117,2018,,,2023/02/23,to-read,to-read (#100),to-read,,,,0,0
6596,The Four Agreements: A Practical Guide to Personal Freedom,Miguel Ruiz,"Ruiz, Miguel",Janet Mills,"=""1878424505""","=""9781878424501""",0,4.19,Amber-Allen Publishing,Hardcover,152,2001,1997,,2023/02/17,to-read,to-read (#99),to-read,,,,0,0
57432311,The Promises of Giants,John Amaechi,"Amaechi, John",,"=""1529345871""","=""9781529345872""",0,4.31,Nicholas Brealey,Hardcover,224,2021,,,2023/02/17,to-read,to-read (#98),to-read,,,,0,0
890728,The Peter Principle,Laurence J. Peter,"Peter, Laurence J.",Raymond Hull,"=""1568491611""","=""9781568491615""",0,3.75,Buccaneer Books,Hardcover,179,1996,1969,,2023/02/10,to-read,to-read (#97),to-read,,,,0,0
58563697,"The Gap and The Gain: The High Achievers' Guide to Happiness, Confidence, and Success",Dan  Sullivan,"Sullivan, Dan",Benjamin P. Hardy,"=""1401964370""","=""9781401964375""",0,4.23,Hay House Business,Kindle Edition,244,2021,,,2023/01/31,to-read,to-read (#96),to-read,,,,0,0
52523856,Hell Yeah or No: What's Worth Doing,Derek Sivers,"Sivers, Derek",,"=""""","=""""",0,4.18,Hit Media,ebook,122,2020,2020,,2023/01/23,to-read,to-read (#95),to-read,,,,0,0
55473625,The Power of Giving Away Power: How the Best Leaders Learn to Let Go,Matthew Barzun,"Barzun, Matthew",,"=""0525541047""","=""9780525541042""",0,3.86,Optimism Press,Hardcover,240,2021,,,2023/01/22,to-read,to-read (#94),to-read,,,,0,0
42118073,Trillion Dollar Coach: The Leadership Playbook of Silicon Valley's Bill Campbell,Eric Schmidt,"Schmidt, Eric","Jonathan Rosenberg, Alan Eagle","=""0062839268""","=""9780062839268""",4,3.98,Harper Business,Hardcover,240,2019,2019,2023/01/20,2022/09/28,,,read,,,,1,0
53127025,"The Advice Trap: Be Humble, Stay Curious & Change the Way You Lead Forever",Michael Bungay Stanier,"Stanier, Michael Bungay",,"=""1989025757""","=""9781989025758""",0,4.11,Page Two Books,paperback,224,2020,,,2023/01/18,to-read,to-read (#93),to-read,,,,0,0
29342515,"The Coaching Habit: Say Less, Ask More & Change the Way You Lead Forever",Michael Bungay Stanier,"Stanier, Michael Bungay",,"=""""","=""""",0,4.01,Box of Crayons Press,ebook,117,2016,2016,,2023/01/18,to-read,to-read (#92),to-read,,,,0,0
29939161,Radical Candor: Be a Kickass Boss Without Losing Your Humanity,Kim Malone Scott,"Scott, Kim Malone",,"=""1250103509""","=""9781250103505""",0,4.05,St. Martin's Press,Hardcover,336,2017,2017,,2023/01/17,to-read,to-read (#91),to-read,,,,0,0
23158207,How Google Works,Eric Schmidt,"Schmidt, Eric",Jonathan Rosenberg,"=""""","=""""",0,4.05,Grand Central Publishing,ebook,286,2014,2014,,2023/01/17,to-read,to-read (#90),to-read,,,,0,0
58446721,The Power of Regret: How Looking Backward Moves Us Forward,Daniel H. Pink,"Pink, Daniel H.",,"=""0735210659""","=""9780735210653""",0,3.82,Riverhead Books,Hardcover,239,2022,2022,,2023/01/16,to-read,to-read (#89),to-read,,,,0,0
55742688,Four Thousand Weeks: Time Management for Mortals,Oliver Burkeman,"Burkeman, Oliver",,"=""0374715246""","=""9780374715243""",4,4.18,"Farrar, Straus and Giroux",Kindle Edition,290,2021,2021,2023/01/16,2023/01/08,,,read,,,,1,0
76865,Good to Great: Why Some Companies Make the Leap... and Others Don't,Jim Collins,"Collins, Jim",,"=""0066620996""","=""9780066620992""",0,4.12,Harper Business,Hardcover,300,2001,2001,,2023/01/16,to-read,to-read (#88),to-read,,,,0,0
34427017,Midlife: A Philosophical Guide,Kieran Setiya,"Setiya, Kieran",,"=""0691173931""","=""9780691173931""",0,3.55,Princeton University Press,Hardcover,189,2017,2017,,2023/01/16,to-read,to-read (#87),to-read,,,,0,0
49247089,"Be Water, My Friend: The Teachings of Bruce Lee",Shannon Lee,"Lee, Shannon",,"=""1250206685""","=""9781250206688""",0,4.17,Flatiron Books,Hardcover,240,2020,2020,,2023/01/09,to-read,to-read (#86),to-read,,,,0,0
4855,How to Live on 24 Hours a Day,Arnold Bennett,"Bennett, Arnold",,"=""1406922900""","=""9781406922905""",0,3.62,Hard Press,Paperback,92,2006,1908,,2023/01/09,to-read,to-read (#85),to-read,,,,0,0
58330567,Atlas of the Heart: Mapping Meaningful Connection and the Language of Human Experience,Brené Brown,"Brown, Brené",Gavin Aung Than,"=""0399592555""","=""9780399592553""",0,4.32,Random House,Hardcover,301,2021,2021,,2023/01/08,to-read,to-read (#84),to-read,,,,0,0
35133922,Educated,Tara Westover,"Westover, Tara",,"=""0399590501""","=""9780399590504""",0,4.47,Random House,Hardcover,352,2018,2018,,2023/01/08,to-read,to-read (#83),to-read,,,,0,0
25744928,Deep Work: Rules for Focused Success in a Distracted World,Cal Newport,"Newport, Cal",,"=""1455586692""","=""9781455586691""",0,4.16,Grand Central Publishing,Hardcover,296,2016,2016,,2023/01/08,to-read,to-read (#82),to-read,,,,0,0
25814544,Sprint: How to Solve Big Problems and Test New Ideas in Just Five Days,Jake Knapp,"Knapp, Jake","John Zeratsky, Braden Kowitz","=""""","=""9781501121746""",0,4.19,Simon & Schuster,Hardcover,274,2016,2016,,2023/01/08,to-read,to-read (#81),to-read,,,,0,0
37880811,Make Time: How to Focus on What Matters Every Day,Jake Knapp,"Knapp, Jake",John Zeratsky,"=""0525572422""","=""9780525572428""",0,4.07,Crown Currency,Hardcover,287,2018,2018,,2023/01/08,to-read,to-read (#80),to-read,,,,0,0
61407856,The Girl Who Would Be Free: A Fable About Epictetus,Ryan Holiday,"Holiday, Ryan",Victor Juhasz,"=""""","=""9798985729108""",0,4.52,Brass Check,Hardcover,148,2022,,,2023/01/08,to-read,to-read (#79),to-read,,,,0,0
57057198,The Boy Who Would Be King: A Fable About Marcus Aurelius,Ryan Holiday,"Holiday, Ryan",Victor Juhasz,"=""""","=""""",0,4.40,Brass Check,Kindle Edition,100,2021,2021,,2023/01/08,to-read,to-read (#78),to-read,,,,0,0
20494955,The Roman Empire: A Very Short Introduction (Very Short Introductions),Christopher     Kelly,"Kelly, Christopher",,"=""""","=""""",0,3.46,OUP Oxford,Kindle Edition,169,2006,2006,,2022/12/29,"abandoned, to-read","abandoned (#1), to-read (#77)",to-read,,,,0,0
59616977,Building a Second Brain: A Proven Method to Organize Your Digital Life and Unlock Your Creative Potential,Tiago Forte,"Forte, Tiago",,"=""1982167386""","=""9781982167387""",5,4.04,Simon Element / Simon Acumen,Hardcover,272,2022,2022,2023/01/07,2022/12/29,,,read,,,,1,0
58165477,"Digital Zettelkasten: Principles, Methods, & Examples",David Kadavy,"Kadavy, David",,"=""""","=""""",0,3.70,,Kindle Edition,79,2021,,,2023/01/07,to-read,to-read (#76),to-read,,,,0,0
377965,The History of the Decline and Fall of the Roman Empire Volume I,Edward Gibbon,"Gibbon, Edward",David P. Womersley,"=""0140433937""","=""9780140433937""",0,4.17,Penguin Classics,Paperback,1114,1996,1776,,2023/01/07,to-read,to-read (#75),to-read,,,,0,0
17204679,Man's Search for Meaning,Viktor E. Frankl,"Frankl, Viktor E.",Ilse Lasch,"=""""","=""""",0,4.37,Beacon Press,Kindle Edition,188,2006,1946,,2022/09/28,to-read,to-read (#15),to-read,,,,0,0
43621841,"The Little Book of Stoicism: Timeless Wisdom to Gain Resilience, Confidence, and Calmness",Jonas Salzgeber,"Salzgeber, Jonas",,"=""3952506915""","=""9783952506912""",0,4.19,Self-published,Kindle Edition,287,2019,2019,,2023/01/07,to-read,to-read (#74),to-read,,,,0,0
53019828,The Imposter Cure: How to stop feeling like a fraud and escape the mind-trap of imposter syndrome,Jessamy Hibberd,"Hibberd, Jessamy",,"=""""","=""""",0,3.93,Hachette,Kindle Edition,288,2019,2019,,2023/01/06,to-read,to-read (#73),to-read,,,,0,0
60853307,How Leadership (Actually) Works: A Navy SEAL’s Complete System for Coordinating Teams,Larry Yatch,"Yatch, Larry",,"=""1544521685""","=""9781544521688""",0,4.22,Lioncrest Publishing,Kindle Edition,241,2022,,,2023/01/06,to-read,to-read (#72),to-read,,,,0,0
9420697,"The Compound Effect: Jumpstart Your Income, Your Life, Your Success",Darren Hardy,"Hardy, Darren",,"=""""","=""""",0,4.21,SUCCESS Books,Kindle Edition,162,2010,2010,,2023/01/01,to-read,to-read (#71),to-read,,,,0,0
10865206,"The Willpower Instinct: How Self-Control Works, Why It Matters, and What You Can Do to Get More of It",Kelly McGonigal,"McGonigal, Kelly",,"=""1583334386""","=""9781583334386""",0,4.13,Avery,Hardcover,275,2011,2011,,2023/01/01,to-read,to-read (#70),to-read,,,,0,0
10639,The Paradox of Choice: Why More Is Less,Barry Schwartz,"Schwartz, Barry",,"=""0060005696""","=""9780060005696""",0,3.83,Harper Perennial,Paperback,265,2005,2004,,2022/12/29,to-read,to-read (#69),to-read,,,,0,0
35414701,Exactly What to Say: The Magic Words for Influence and Impact,Phil M. Jones,"Jones, Phil M.",,"=""0692881956""","=""9780692881958""",0,3.75,Box of Tricks Publishing,Paperback,148,2017,2017,,2022/12/29,to-read,to-read (#68),to-read,,,,0,0
4865,How to Win Friends & Influence People,Dale Carnegie,"Carnegie, Dale",,"=""""","=""""",0,4.22,Gallery Books,Paperback,288,1998,1936,,2022/12/29,,,read,,,,1,0
27220736,Shoe Dog: A Memoir by the Creator of Nike,Phil Knight,"Knight, Phil",,"=""1501135910""","=""9781501135910""",0,4.46,Scribner,Hardcover,400,2016,2016,,2022/12/29,to-read,to-read (#67),to-read,,,,0,0
17660462,The Everything Store: Jeff Bezos and the Age of Amazon,Brad Stone,"Stone, Brad",,"=""0316219266""","=""9780316219266""",0,4.14,"Little, Brown and Company",Hardcover,384,2013,2013,,2022/12/29,,,read,,,,1,0
38821039,The Making of a Manager: What to Do When Everyone Looks to You,Julie Zhuo,"Zhuo, Julie",,"=""0735219567""","=""9780735219564""",0,4.20,Portfolio,Hardcover,288,2019,2019,,2022/12/29,to-read,to-read (#66),to-read,,,,0,0
53138021,"Just Work: How to Root Out Bias, Prejudice, and Bullying to Build a Kick-Ass Culture of Inclusivity",Kim Malone Scott,"Scott, Kim Malone",,"=""1250203481""","=""9781250203489""",0,3.78,St. Martin's Press,Hardcover,416,2021,2021,,2022/12/29,to-read,to-read (#65),to-read,,,,0,0
996139,What Makes Sammy Run?,Budd Schulberg,"Schulberg, Budd",,"=""0679734228""","=""9780679734222""",0,4.09,Vintage,Paperback,328,1993,1941,2022/10/03,2022/12/29,favorites,favorites (#2),read,,,,1,0
34950841,"You Need a Budget: The Proven System for Breaking the Paycheck to Paycheck Cycle, Getting Out of Debt, and Living the Life You Want",Jesse Mecham,"Mecham, Jesse",,"=""0062567586""","=""9780062567581""",0,4.09,Harper Business,Hardcover,224,2017,2010,,2022/12/29,favorites,favorites (#1),read,,,,1,0
22639632,Designing for Behaviour Change,Stephen Wendel,"Wendel, Stephen",,"=""""","=""""",0,4.09,O'Reilly Media,ebook,,2014,2013,,2022/12/29,to-read,to-read (#63),to-read,,,,0,0
16481685,"The $100 Startup: Reinvent the Way You Make a Living, Do What You Love, and Create a New Future",Chris Guillebeau,"Guillebeau, Chris",,"=""""","=""""",0,3.89,Amazon,Kindle Edition,263,2012,2012,,2022/12/29,to-read,to-read (#64),to-read,,,,0,0
2368,Mornings on Horseback,David McCullough,"McCullough, David",,"=""0671447548""","=""9780671447540""",0,4.10,Simon & Schuster,Paperback,445,1982,1981,,2022/12/29,to-read,to-read (#62),to-read,,,,0,0
40102,Blink: The Power of Thinking Without Thinking,Malcolm Gladwell,"Gladwell, Malcolm","Barry Fox, Irina Henegar","=""0316010669""","=""9780316010665""",0,3.96,Back Bay Books,Paperback,296,2007,2005,,2022/12/29,to-read,to-read (#60),to-read,,,,0,0
3228917,Outliers: The Story of Success,Malcolm Gladwell,"Gladwell, Malcolm",,"=""0316017922""","=""9780316017923""",0,4.19,"Little, Brown and Company",Hardcover,309,2008,2008,,2022/12/29,to-read,to-read (#59),to-read,,,,0,0
43848929,Talking to Strangers: What We Should Know About the People We Don't Know,Malcolm Gladwell,"Gladwell, Malcolm",,"=""0316478520""","=""9780316478526""",0,4.00,"Little, Brown and Company",Hardcover,388,2019,2019,,2022/12/29,to-read,to-read (#58),to-read,,,,0,0
2612,The Tipping Point: How Little Things Can Make a Big Difference,Malcolm Gladwell,"Gladwell, Malcolm",,"=""""","=""""",0,4.01,Time Warner Book Group,Paperback,301,2002,2000,,2022/12/29,to-read,to-read (#57),to-read,,,,0,0
368593,The 4-Hour Workweek,Timothy Ferriss,"Ferriss, Timothy",,"=""0307353133""","=""9780307353139""",0,3.91,Harmony,ebook,308,2007,,,2022/12/29,to-read,to-read (#56),to-read,,,,0,0
18505796,10% Happier,Dan   Harris,"Harris, Dan",,"=""0062265423""","=""9780062265425""",0,3.91,Dey Street Books,Hardcover,256,2014,2014,,2022/12/29,to-read,to-read (#55),to-read,,,,0,0
11084145,Steve Jobs,Walter Isaacson,"Isaacson, Walter",,"=""1451648537""","=""9781451648539""",0,4.16,Simon & Schuster,Hardcover,630,2011,2011,,2022/12/29,to-read,to-read (#54),to-read,,,,0,0
43263498,Radical Candor: Be a Kick-Ass Boss Without Losing Your Humanity,Kim Malone Scott,"Scott, Kim Malone",,"=""1250235375""","=""9781250235374""",0,4.05,St. Martin's Press,Hardcover,404,2019,2017,,2022/09/28,,,read,,,,1,0
26007062,Everybody Matters: The Extraordinary Power of Caring for Your People Like Family--Expanded 10th Anniversary Edition,Bob Chapman,"Chapman, Bob",Rajendra Sisodia,"=""0698190998""","=""9780698190993""",0,4.04,Optimism Press,Kindle Edition,348,2015,2015,,2022/12/29,,,read,,,,1,0
23848190,Extreme Ownership: How U.S. Navy SEALs Lead and Win,Jocko Willink,"Willink, Jocko",Leif Babin,"=""1250067057""","=""9781250067050""",0,4.25,St. Martin's Press,Hardcover,320,2015,2015,,2022/12/29,to-read,to-read (#53),to-read,,,,0,0
36072,The 7 Habits of Highly Effective People: Powerful Lessons in Personal Change,Stephen R. Covey,"Covey, Stephen R.",Jim Collins,"=""0743269519""","=""9780743269513""",0,4.16,Free Press,Paperback,372,2004,1989,,2022/12/29,to-read,to-read (#52),to-read,,,,0,0
503150,Letters to a Young Contrarian,Christopher Hitchens,"Hitchens, Christopher",,"=""0465030335""","=""9780465030330""",0,4.13,Basic Books,Paperback,141,2005,2001,,2022/12/29,to-read,to-read (#51),to-read,,,,0,0
52201172,A Programmer's Guide to Computer Science: A virtual degree for the self-taught developer,William M. Springer II,"II, William M. Springer","Nicholas Allgood, Brit Springer","=""195120400X""","=""9781951204006""",0,3.46,Jaxson Media,Paperback,188,2019,,,2022/09/28,,,read,,,,1,0
545085,"Candide, or Optimism",Voltaire,"Voltaire, Voltaire","Theo Cuffe, Michael  Wood","=""0140455108""","=""9780140455106""",0,3.76,Penguin Classics,Paperback,155,2009,1759,,2022/12/29,to-read,to-read (#50),to-read,,,,0,0
98685,Genius: The Life and Science of Richard Feynman,James Gleick,"Gleick, James",,"=""0679747044""","=""9780679747048""",0,4.12,Vintage,Paperback,531,1993,,,2022/12/29,to-read,to-read (#49),to-read,,,,0,0
35167685,"""Surely You're Joking, Mr. Feynman!"": Adventures of a Curious Character",Richard P. Feynman,"Feynman, Richard P.","Ralph Leighton, Edward Hutchings","=""0393355624""","=""9780393355628""",0,4.27,W. W. Norton & Company,Paperback,400,2018,1985,,2022/12/29,to-read,to-read (#48),to-read,,,,0,0
39071691,"The Bullet Journal Method: Track Your Past, Order Your Present, Plan Your Future",Ryder Carroll,"Carroll, Ryder",,"=""0525533346""","=""9780525533344""",0,4.05,Penguin Publishing Group,Kindle Edition,336,2018,2018,2021/11/14,2022/12/29,to-read,to-read (#47),to-read,,,,2,0
40657199,Stoicism: A Very Short Introduction (Very Short Introductions),Brad Inwood,"Inwood, Brad",,"=""019109031X""","=""9780191090318""",0,3.58,OUP Oxford,Kindle Edition,136,2018,2018,,2022/09/28,to-read,to-read (#1),to-read,,,,0,0
195762,The Essential Epicurus,Epicurus,"Epicurus, Epicurus",Eugene M. O'Connor,"=""0879758104""","=""9780879758103""",0,3.90,Prometheus Books,Paperback,112,1993,-271,,2022/12/29,to-read,to-read (#46),to-read,,,,0,0
38748211,The Catcher in the Rye,J.D. Salinger,"Salinger, J.D.",,"=""0738304360""","=""9780738304366""",0,3.80,"Little, Brown and Company",Hardcover,288,1951,1951,,2022/12/29,to-read,to-read (#45),to-read,,,,0,0
35632932,The Grapes of Wrath,John Steinbeck,"Steinbeck, John",Robert DeMott,"=""""","=""""",0,4.03,Penguin Classics,Kindle Edition,468,2006,1939,,2022/12/29,to-read,to-read (#44),to-read,,,,0,0
59935248,Grip: The Art of Working Smart (And Getting to What Matters Most),Rick Pastoor,"Pastoor, Rick",,"=""1400233690""","=""9781400233694""",0,4.06,HarperCollins Leadership,Kindle Edition,301,2022,2019,,2022/12/29,to-read,to-read (#43),to-read,,,,0,0
20554127,The Obstacle Is the Way: The Timeless Art of Turning Trials into Triumph,Ryan Holiday,"Holiday, Ryan",,"=""1101620595""","=""9781101620595""",0,4.15,Portfolio,Kindle Edition,202,2014,2014,,2022/12/29,to-read,to-read (#42),to-read,,,,0,0
29428533,Ego Is the Enemy,Ryan Holiday,"Holiday, Ryan",,"=""069819215X""","=""9780698192157""",0,4.13,Portfolio,Kindle Edition,247,2016,2016,,2022/12/29,to-read,to-read (#41),to-read,,,,0,0
58211174,Courage Is Calling: Fortune Favors the Brave (The Stoic Virtues Series),Ryan Holiday,"Holiday, Ryan",,"=""0593191684""","=""9780593191682""",0,4.03,Portfolio,Kindle Edition,303,2021,2021,,2022/12/29,to-read,to-read (#40),to-read,,,,0,0
60554355,Discipline Is Destiny: The Power of Self-Control (The Stoic Virtues Series),Ryan Holiday,"Holiday, Ryan",,"=""0593191706""","=""9780593191705""",0,4.26,Portfolio,Kindle Edition,344,2022,2022,,2022/12/29,to-read,to-read (#39),to-read,,,,0,0
36330113,On the Shortness of Life,Seneca,"Seneca, Seneca",A. Stewart,"=""""","=""""",0,4.16,LRP,Kindle Edition,31,2017,49,,2022/12/29,to-read,to-read (#37),to-read,,,,0,0
30630916,Find Your Why: A Practical Guide to Discovering Purpose for You and Your Team,Simon Sinek,"Sinek, Simon","David Mead, Peter  Docker","=""1101992980""","=""9781101992982""",0,3.66,Portfolio,Kindle Edition,256,2017,2017,,2022/12/29,to-read,to-read (#36),to-read,,,,0,0
28930640,The Ideal Team Player: How to Recognize and Cultivate The Three Essential Virtues (J-B Lencioni Series),Patrick Lencioni,"Lencioni, Patrick",,"=""""","=""""",0,4.07,Jossey-Bass,Kindle Edition,226,2016,2016,,2022/12/29,to-read,to-read (#35),to-read,,,,0,0
50608282,The Motivation Code: Discover the Hidden Forces That Drive Your Best Work,Todd Henry,"Henry, Todd","Ron Penner, Todd W. Hall, Joshua Miller","=""059319165X""","=""9780593191651""",0,3.70,Portfolio,Hardcover,272,2020,2020,,2022/12/27,to-read,to-read (#34),to-read,,,,0,0
38390751,The Infinite Game,Simon Sinek,"Sinek, Simon",,"=""073521350X""","=""9780735213500""",0,4.16,Portfolio,Hardcover,251,2019,2017,,2022/09/28,to-read,to-read (#33),to-read,,,,0,0
35469581,"The Phoenix Project: A Novel About IT, DevOps, and Helping Your Business Win",Gene Kim,"Kim, Gene","Kevin Behr, George Spafford","=""1942788290""","=""9781942788294""",0,4.26,IT Revolution Press,Paperback,432,2018,2013,,2022/09/28,to-read,to-read (#32),to-read,,,,0,0
37702964,"Measure What Matters: How Google, Bono, and the Gates Foundation Rock the World with OKRs",John Doerr,"Doerr, John",Larry Page,"=""0525536221""","=""9780525536222""",0,3.98,Portfolio,Hardcover,320,2018,2017,,2022/09/28,to-read,to-read (#31),to-read,,,,0,0
22875447,Work Rules!: Insights from Inside Google That Will Transform How You Live and Lead,Laszlo Bock,"Bock, Laszlo",,"=""1455554790""","=""9781455554799""",0,4.13,Twelve,Hardcover,406,2015,2015,,2022/09/28,to-read,to-read (#30),to-read,,,,0,0
324750,High Output Management,Andrew S. Grove,"Grove, Andrew S.",,"=""0679762884""","=""9780679762881""",0,4.30,Vintage,Paperback,272,1995,1983,,2022/09/28,to-read,to-read (#29),to-read,,,,0,0
26083308,"The DevOps Handbook: How to Create World-Class Agility, Reliability, and Security in Technology Organizations",Gene Kim,"Kim, Gene","Patrick Debois, John Willis, Jez Humble","=""1942788002""","=""9781942788003""",0,4.29,IT Revolution Press,Paperback,442,2016,2015,,2022/09/28,to-read,to-read (#27),to-read,,,,0,0
35747076,Accelerate: Building and Scaling High Performing Technology Organizations,Nicole Forsgren,"Forsgren, Nicole","Jez Humble, Gene Kim","=""1942788339""","=""9781942788331""",0,4.05,IT Revolution,Paperback,288,2018,,,2022/09/28,to-read,to-read (#28),to-read,,,,0,0
22521573,Getting Things Done: The Art of Stress-Free Productivity,David    Allen,"Allen, David",,"=""0143126563""","=""9780143126560""",0,4.00,Penguin USA/PenguinPutnam Inc,Paperback,352,2015,2001,,2022/09/28,to-read,to-read (#26),to-read,,,,0,0
28259130,The Subtle Art of Not Giving a F*ck: A Counterintuitive Approach to Living a Good Life,Mark Manson,"Manson, Mark",,"=""0062457713""","=""9780062457714""",0,3.87,Harper,Hardcover,212,2016,2016,,2022/09/28,to-read,to-read (#25),to-read,,,,0,0
15824358,The First 90 Days: Critical Success Strategies for New Leaders at All Levels,Michael D. Watkins,"Watkins, Michael D.",,"=""1422188612""","=""9781422188613""",0,3.85,Harvard Business Review Press,Hardcover,304,2013,2003,,2022/09/28,to-read,to-read (#24),to-read,,,,0,0
18290413,One Small Step Can Change Your Life: The Kaizen Way,Robert Maurer,"Maurer, Robert",,"=""076118032X""","=""9780761180326""",0,4.01,Workman Publishing Company,Paperback,228,2014,2009,,2022/09/28,to-read,to-read (#23),to-read,,,,0,0
51718082,No Rules Rules: Netflix and the Culture of Reinvention,Reed Hastings,"Hastings, Reed",Erin Meyer,"=""1984877860""","=""9781984877864""",0,4.27,Penguin Press,Hardcover,293,2020,2020,,2022/09/28,to-read,to-read (#22),to-read,,,,0,0
17166221,Lord of the Flies (Penguin Drop Caps),William Golding,"Golding, William",Jessica Hische,"=""0143124293""","=""9780143124290""",0,3.70,Penguin Books,Hardcover,256,2013,1954,,2022/09/28,to-read,to-read (#21),to-read,,,,0,0
51164133,How to Think Like a Roman Emperor: The Stoic Philosophy of Marcus Aurelius,Donald J. Robertson,"Robertson, Donald J.",,"=""1250621437""","=""9781250621436""",0,4.35,St. Martin's Griffin,Paperback,304,2020,2019,,2022/09/28,to-read,to-read (#20),to-read,,,,0,0
1303,The 48 Laws of Power,Robert Greene,"Greene, Robert",,"=""0140280197""","=""9780140280197""",0,4.09,Penguin Books,Paperback,452,2000,1999,,2022/09/28,to-read,to-read (#19),to-read,,,,0,0
16121,"Titan: The Life of John D. Rockefeller, Sr.",Ron Chernow,"Chernow, Ron",,"=""1400077303""","=""9781400077304""",0,4.15,Vintage,Paperback,832,2004,1998,,2022/09/28,to-read,to-read (#18),to-read,,,,0,0
22571572,Letters from a Stoic (A Penguin Classics Hardcover),Seneca,"Seneca, Seneca","Coralie Bickford-Smith, Robin Campbell","=""0141395850""","=""9780141395852""",0,4.33,Penguin Classics,Hardcover,309,2014,64,,2022/09/28,to-read,to-read (#17),to-read,,,,0,0
4143812,Discourses and Selected Writings,Epictetus,"Epictetus, Epictetus",Robert Dobbin,"=""0140449469""","=""9780140449464""",0,4.40,Penguin Books,Paperback,276,2008,108,,2022/09/28,to-read,to-read (#16),to-read,,,,0,0
30292,"Five Dialogues: Euthyphro, Apology, Crito, Meno, Phaedo",Plato,"Plato, Plato","G.M.A. Grube, John M. Cooper","=""0872206335""","=""9780872206335""",0,4.16,"Hackett Publishing Company, Inc.",Paperback,156,2002,-385,,2022/09/28,to-read,to-read (#13),to-read,,,,0,0
36204899,How to Be a Stoic: Using Ancient Philosophy to Live a Modern Life,Massimo Pigliucci,"Pigliucci, Massimo",,"=""1541644530""","=""9781541644533""",0,4.04,Basic Books,Paperback,288,2018,2017,,2022/09/28,to-read,to-read (#14),to-read,,,,0,0
26197314,The Sound and the Fury,William Faulkner,"Faulkner, William",,"=""0679732241""","=""9780679732242""",0,3.86,Vintage International,Paperback,351,1990,1929,,2022/09/28,to-read,to-read (#12),to-read,,,,0,0
50484473,Lives of the Stoics: The Art of Living from Zeno to Marcus Aurelius,Ryan Holiday,"Holiday, Ryan",Stephen Hanselman,"=""052554187X""","=""9780525541875""",0,4.03,Portfolio,Hardcover,352,2020,2020,,2022/09/28,to-read,to-read (#11),to-read,,,,0,0
43582733,Stillness Is the Key,Ryan Holiday,"Holiday, Ryan",,"=""0525538585""","=""9780525538585""",0,4.22,Portfolio,Hardcover,288,2019,2019,,2022/09/28,to-read,to-read (#10),to-read,,,,0,0
99930,Plato: A Very Short Introduction,Julia Annas,"Annas, Julia",,"=""019280216X""","=""9780192802163""",0,3.58,Oxford University Press,Paperback,104,2003,2003,,2022/09/28,to-read,to-read (#9),to-read,,,,0,0
81779,The Symposium,Plato,"Plato, Plato",Christopher Gill,"=""0140449272""","=""9780140449273""",0,4.09,Penguin Books,Paperback,90,2003,-380,,2022/09/28,to-read,to-read (#8),to-read,,,,0,0
44245267,Socrates: A Very Short Introduction,C.C.W. Taylor,"Taylor, C.C.W.",,"=""0198835981""","=""9780198835981""",0,3.29,Oxford University Press,Paperback,160,2019,1998,,2022/09/28,to-read,to-read (#7),to-read,,,,0,0
99928,Aristotle: A Very Short Introduction,Jonathan Barnes,"Barnes, Jonathan",,"=""0192854089""","=""9780192854087""",0,3.67,Oxford University Press,Paperback,160,2000,1982,,2022/09/28,to-read,to-read (#6),to-read,,,,0,0
567610,How to Read a Book: The Classic Guide to Intelligent Reading,Mortimer J. Adler,"Adler, Mortimer J.",Charles van Doren,"=""""","=""""",0,3.98,"Simon & Schuster, Inc",Paperback,442,1972,1940,,2022/09/28,to-read,to-read (#5),to-read,,,,0,0
50,"Hatchet (Brian's Saga, #1)",Gary Paulsen,"Paulsen, Gary",,"=""0689840926""","=""9780689840920""",4,3.79,Atheneum Books for Young Readers: Richard Jackson Books,Hardcover,208,2000,1987,2022/09/25,2022/08/16,,,read,,,,1,0
55539565,Think Again: The Power of Knowing What You Don't Know,Adam M. Grant,"Grant, Adam M.",,"=""1984878107""","=""9781984878106""",0,4.13,Viking Books,Hardcover,307,2021,2021,,2022/09/25,to-read,to-read (#4),to-read,,,,0,0
6452796,Drive: The Surprising Truth About What Motivates Us,Daniel H. Pink,"Pink, Daniel H.",,"=""1594488843""","=""9781594488849""",0,3.95,Riverhead Books,Hardcover,242,2009,2009,,2022/08/16,to-read,to-read (#3),to-read,,,,0,0
17716,Waiting for Godot,Samuel Beckett,"Beckett, Samuel",,"=""""","=""""",5,3.84,Grove,Paperback,109,2011,1951,,2018/05/11,,,read,,,,1,0
25541028,"Elon Musk: Tesla, SpaceX, and the Quest for a Fantastic Future",Ashlee Vance,"Vance, Ashlee",,"=""0062301233""","=""9780062301239""",0,4.13,Ecco,Hardcover,392,2015,2015,,2018/05/10,to-read,to-read (#2),to-read,,,,0,0
